"setID","number","numberVariant","name","year","theme","themeGroup","subtheme","category","released","pieces","minifigs","bricksetURL","rating","reviewCount","packagingType","availability","agerange_min","thumbnailURL","imageURL"
428,"1576",1,"Happy Face Carry Case",1994,"Duplo","Pre-school",NA,"Normal",TRUE,30,NA,"https://brickset.com/sets/1576-1",0,0,"{Not specified}","{Not specified}",NA,NA,NA
6317,"1701",1,"Mini Box, 3+",1994,"Basic","Basic",NA,"Normal",TRUE,26,NA,"https://brickset.com/sets/1701-1",0,0,"{Not specified}","{Not specified}",NA,"https://images.brickset.com/sets/small/1701-1.jpg","https://images.brickset.com/sets/images/1701-1.jpg"
516,"1702",1,"Fire Fighter 4 x 4",1994,"Town","Modern day","Fire","Normal",TRUE,59,1,"https://brickset.com/sets/1702-1",3,1,"Box","Retail - limited",NA,"https://images.brickset.com/sets/small/1702-1.jpg","https://images.brickset.com/sets/images/1702-1.jpg"
22502,"1703",1,"Dalmatian Station Building Set",1994,"Basic","Basic",NA,"Normal",TRUE,172,NA,"https://brickset.com/sets/1703-1",0,0,"Other","Retail - limited",NA,NA,NA
519,"1704",1,"(Unnamed)",1994,"Space","Action/Adventure","Ice Planet 2002","Normal",TRUE,47,1,"https://brickset.com/sets/1704-1",3.7,5,"Box","Retail - limited",NA,"https://images.brickset.com/sets/small/1704-1.jpg","https://images.brickset.com/sets/images/1704-1.jpg"
22503,"1705",2,"Large Dinosaur Bucket",1994,"Basic","Basic",NA,"Normal",TRUE,329,NA,"https://brickset.com/sets/1705-2",0,0,"Bucket","Retail - limited",NA,NA,NA
22504,"1706",2,"Small Bucket",1994,"Basic","Basic",NA,"Normal",TRUE,NA,NA,"https://brickset.com/sets/1706-2",0,0,"Bucket","Retail - limited",NA,"https://images.brickset.com/sets/small/1706-2.jpg","https://images.brickset.com/sets/images/1706-2.jpg"
5212,"1708",1,"Blue Ribbon Savings!",1994,"Basic","Basic",NA,"Normal",TRUE,650,NA,"https://brickset.com/sets/1708-1",0,0,"Bucket","Retail - limited",NA,"https://images.brickset.com/sets/small/1708-2.jpg","https://images.brickset.com/sets/images/1708-2.jpg"
22505,"1709",2,"Small Bucket",1994,"Basic","Basic",NA,"Normal",TRUE,NA,NA,"https://brickset.com/sets/1709-2",0,1,"Bucket","Retail",NA,NA,NA
526,"1710",1,"Snowmobile",1994,"Town","Modern day","Leisure","Normal",TRUE,24,1,"https://brickset.com/sets/1710-1",3.5,1,"Polybag","Retail - limited",NA,"https://images.brickset.com/sets/small/1710-1.jpg","https://images.brickset.com/sets/images/1710-1.jpg"
528,"1711",1,"Ice Planet Scooter",1994,"Space","Action/Adventure","Ice Planet 2002","Normal",TRUE,19,1,"https://brickset.com/sets/1711-1",3.1,3,"Polybag","Retail - limited",NA,"https://images.brickset.com/sets/small/1711-1.jpg","https://images.brickset.com/sets/images/1711-1.jpg"
530,"1712",1,"Crossbow Cart",1994,"Castle","Historical","Dragon Knights","Normal",TRUE,23,1,"https://brickset.com/sets/1712-1",3.4,2,"Polybag","Retail - limited",NA,"https://images.brickset.com/sets/small/1712-1.jpg","https://images.brickset.com/sets/images/1712-1.jpg"
532,"1713",1,"Shipwrecked Pirate",1994,"Pirates","Historical",NA,"Normal",TRUE,23,1,"https://brickset.com/sets/1713-1",3.3,5,"Polybag","Promotional",NA,"https://images.brickset.com/sets/small/1713-1.jpg","https://images.brickset.com/sets/images/1713-1.jpg"
22506,"1716",2,"Starter Set with Building Plates",1994,"Basic","Basic",NA,"Normal",TRUE,201,NA,"https://brickset.com/sets/1716-2",0,0,"{Not specified}","Retail - limited",NA,"https://images.brickset.com/sets/small/1716-2.jpg","https://images.brickset.com/sets/images/1716-2.jpg"
541,"1720",1,"Cactus Canyon Value Pack",1994,"Town","Modern day","Bonus/Value Pack","Collection",TRUE,133,NA,"https://brickset.com/sets/1720-1",3.6,1,"Box","Retail - limited",NA,"https://images.brickset.com/sets/small/1720-1.jpg","https://images.brickset.com/sets/images/1720-1.jpg"
543,"1721",1,"Sandypoint Marina Value Pack",1994,"Town","Modern day","Bonus/Value Pack","Collection",TRUE,155,NA,"https://brickset.com/sets/1721-1",0,3,"Box","Retail - limited",NA,"https://images.brickset.com/sets/small/1721-1.jpg","https://images.brickset.com/sets/images/1721-1.jpg"
544,"1722",1,"Town / Space Value Pack",1994,"Assorted","Miscellaneous","Bonus/Value Pack","Collection",TRUE,106,NA,"https://brickset.com/sets/1722-1",0,1,"Box","Retail - limited",NA,"https://images.brickset.com/sets/small/1722-1.jpg","https://images.brickset.com/sets/images/1722-1.jpg"
546,"1723",1,"Castle / Pirates Value Pack",1994,"Assorted","Miscellaneous","Bonus/Value Pack","Collection",TRUE,72,NA,"https://brickset.com/sets/1723-1",0,5,"Box","Retail - limited",NA,"https://images.brickset.com/sets/small/1723-1.jpg","https://images.brickset.com/sets/images/1723-1.jpg"
8421,"1724",1,"Bird",1994,"Basic","Basic",NA,"Normal",TRUE,9,NA,"https://brickset.com/sets/1724-1",0,0,"{Not specified}","{Not specified}",NA,"https://images.brickset.com/sets/small/1724-1.jpg","https://images.brickset.com/sets/images/1724-1.jpg"
8422,"1725",1,"Dinosaur",1994,"Basic","Basic",NA,"Normal",TRUE,11,NA,"https://brickset.com/sets/1725-1",0,0,"{Not specified}","{Not specified}",NA,"https://images.brickset.com/sets/small/1725-1.jpg","https://images.brickset.com/sets/images/1725-1.jpg"
8423,"1726",1,"Girl",1994,"Basic","Basic",NA,"Normal",TRUE,7,NA,"https://brickset.com/sets/1726-1",0,0,"{Not specified}","{Not specified}",NA,"https://images.brickset.com/sets/small/1726-1.jpg","https://images.brickset.com/sets/images/1726-1.jpg"
8424,"1727",1,"Horse",1994,"Basic","Basic",NA,"Normal",TRUE,10,NA,"https://brickset.com/sets/1727-1",0,0,"{Not specified}","{Not specified}",NA,"https://images.brickset.com/sets/small/1727-2.jpg","https://images.brickset.com/sets/images/1727-2.jpg"
551,"1729",1,"Barnacle Bay Value Pack",1994,"Pirates","Historical","Bonus/Value Pack","Collection",TRUE,89,NA,"https://brickset.com/sets/1729-1",3.7,1,"Box","Retail - limited",NA,"https://images.brickset.com/sets/small/1729-1.jpg","https://images.brickset.com/sets/images/1729-1.jpg"
552,"1730",1,"Snow Scooter",1994,"Town","Modern day","Leisure","Normal",TRUE,24,1,"https://brickset.com/sets/1730-1",3.7,3,"Box","Retail",NA,"https://images.brickset.com/sets/small/1730-1.jpg","https://images.brickset.com/sets/images/1730-1.jpg"
553,"1731",1,"Ice Planet Scooter",1994,"Space","Action/Adventure","Ice Planet 2002","Normal",TRUE,19,1,"https://brickset.com/sets/1731-1",3.1,3,"Box","Retail",NA,"https://images.brickset.com/sets/small/1731-1.jpg","https://images.brickset.com/sets/images/1731-1.jpg"
554,"1732",1,"Crossbow Cart",1994,"Castle","Historical","Dragon Knights","Normal",TRUE,23,1,"https://brickset.com/sets/1732-1",3.6,3,"Box","Retail",NA,"https://images.brickset.com/sets/small/1732-1.jpg","https://images.brickset.com/sets/images/1732-1.jpg"
555,"1733",1,"Shipwrecked Pirate",1994,"Pirates","Historical",NA,"Normal",TRUE,23,1,"https://brickset.com/sets/1733-1",3.3,8,"Box","Retail",NA,"https://images.brickset.com/sets/small/1733-1.jpg","https://images.brickset.com/sets/images/1733-1.jpg"
22507,"1738",1,"Bulk Box",1994,"Duplo","Pre-school",NA,"Normal",TRUE,NA,NA,"https://brickset.com/sets/1738-1",0,0,"Box","Retail - limited",NA,NA,NA
559,"1740",1,"(Unnamed)",1994,"Town","Modern day","Leisure","Normal",TRUE,16,1,"https://brickset.com/sets/1740-1",0,0,"Box","Retail - limited",NA,"https://images.brickset.com/sets/small/1740-1.jpg","https://images.brickset.com/sets/images/1740-1.jpg"
560,"1741",1,"(Unnamed)",1994,"Town","Modern day","Leisure","Normal",TRUE,36,1,"https://brickset.com/sets/1741-1",0,0,"Box","Retail - limited",NA,"https://images.brickset.com/sets/small/1741-1.jpg","https://images.brickset.com/sets/images/1741-1.jpg"
561,"1742",1,"(Unnamed)",1994,"Town","Modern day","Leisure","Normal",TRUE,81,1,"https://brickset.com/sets/1742-1",0,0,"Box","Retail - limited",NA,"https://images.brickset.com/sets/small/1742-1.jpg","https://images.brickset.com/sets/images/1742-1.jpg"
22508,"1755",1,"Medium Bulk Bucket",1994,"Duplo","Pre-school",NA,"Normal",TRUE,60,2,"https://brickset.com/sets/1755-1",0,0,"Bucket","Retail - limited",NA,NA,NA
22509,"1757",1,"Large Bulk Bucket",1994,"Duplo","Pre-school",NA,"Normal",TRUE,87,3,"https://brickset.com/sets/1757-1",0,0,"Bucket","Retail - limited",NA,NA,NA
577,"1775",1,"Aircraft",1994,"Town","Modern day","Special","Normal",TRUE,153,3,"https://brickset.com/sets/1775-1",0,1,"Box","Promotional (Airline)",NA,"https://images.brickset.com/sets/small/1775-1.jpg","https://images.brickset.com/sets/images/1775-1.jpg"
588,"1790",1,"Shark Fisherman",1994,"Town","Modern day","Leisure","Normal",TRUE,19,1,"https://brickset.com/sets/1790-1",0,3,"Box","Retail - limited",NA,"https://images.brickset.com/sets/small/1790-1.jpg","https://images.brickset.com/sets/images/1790-1.jpg"
589,"1791",1,"Windsurfer & Van",1994,"Town","Modern day","Leisure","Normal",TRUE,70,1,"https://brickset.com/sets/1791-1",0,2,"Box","Retail - limited",NA,"https://images.brickset.com/sets/small/1791-1.jpg","https://images.brickset.com/sets/images/1791-1.jpg"
590,"1792",1,"Pleasure Cruiser",1994,"Town","Modern day","Leisure","Normal",TRUE,66,1,"https://brickset.com/sets/1792-1",0,2,"Box","Retail - limited",NA,"https://images.brickset.com/sets/small/1792-1.jpg","https://images.brickset.com/sets/images/1792-1.jpg"
592,"1794",1,"Dragon Master Chariot",1994,"Castle","Historical","Dragon Knights","Normal",TRUE,36,1,"https://brickset.com/sets/1794-1",3.5,2,"Box","Retail - limited",NA,"https://images.brickset.com/sets/small/1794-1.jpg","https://images.brickset.com/sets/images/1794-1.jpg"
593,"1795",1,"Imperial Cannon",1994,"Pirates","Historical","Imperial Guards","Normal",TRUE,36,1,"https://brickset.com/sets/1795-1",3.6,2,"Box","Retail - limited",NA,"https://images.brickset.com/sets/small/1795-1.jpg","https://images.brickset.com/sets/images/1795-1.jpg"
596,"1798",1,"Building Table",1994,"Basic","Basic","Supplementaries","Normal",TRUE,3,NA,"https://brickset.com/sets/1798-1",0,0,"{Not specified}","{Not specified}",NA,"https://images.brickset.com/sets/small/1798-1.jpg","https://images.brickset.com/sets/images/1798-1.jpg"
630,"1865",1,"Airliner",1994,"Basic","Basic",NA,"Normal",TRUE,28,NA,"https://brickset.com/sets/1865-1",0,1,"Polybag","Promotional (Airline)",NA,"https://images.brickset.com/sets/small/1865-1.jpg","https://images.brickset.com/sets/images/1865-1.jpg"
632,"1871",1,"Pirate's Cannon",1994,"Pirates","Historical",NA,"Normal",TRUE,16,1,"https://brickset.com/sets/1871-1",0,3,"Box","Retail - limited",NA,"https://images.brickset.com/sets/small/1871-1.jpg","https://images.brickset.com/sets/images/1871-1.jpg"
633,"1872",1,"Soldiers Forge",1994,"Pirates","Historical",NA,"Normal",TRUE,28,2,"https://brickset.com/sets/1872-1",0,2,"Box","Retail - limited",NA,"https://images.brickset.com/sets/small/1872-1.jpg","https://images.brickset.com/sets/images/1872-1.jpg"
634,"1873",1,"Pirates Treasure",1994,"Pirates","Historical",NA,"Normal",TRUE,45,1,"https://brickset.com/sets/1873-1",0,3,"Box","Retail - limited",NA,"https://images.brickset.com/sets/small/1873-1.jpg","https://images.brickset.com/sets/images/1873-1.jpg"
22510,"1900",2,"Special Bonus Pack",1994,"Assorted","Miscellaneous","Bonus/Value Pack","Collection",TRUE,88,NA,"https://brickset.com/sets/1900-2",0,0,"Box","Retail - limited",NA,NA,NA
22511,"1904",1,"Bulk Box",1994,"Duplo","Pre-school",NA,"Normal",TRUE,NA,NA,"https://brickset.com/sets/1904-1",0,0,"Box","Retail - limited",NA,NA,NA
656,"1906",1,"Majisto's Tower",1994,"Castle","Historical","Dragon Knights","Normal",TRUE,195,3,"https://brickset.com/sets/1906-1",4,6,"Box","Retail - limited",NA,"https://images.brickset.com/sets/small/1906-1.jpg","https://images.brickset.com/sets/images/1906-1.jpg"
6352,"1922",1,"Duplo Bucket",1994,"Duplo","Pre-school",NA,"Normal",TRUE,50,1,"https://brickset.com/sets/1922-1",0,0,"{Not specified}","{Not specified}",NA,"https://images.brickset.com/sets/small/1922-1.jpg","https://images.brickset.com/sets/images/1922-1.jpg"
22512,"1935",1,"Robbin Rabbit Building Set",1994,"Duplo","Pre-school",NA,"Normal",TRUE,NA,NA,"https://brickset.com/sets/1935-1",0,0,"Box","Retail - limited",NA,NA,NA
8426,"1945",1,"Playmates building set",1994,"Duplo","Pre-school",NA,"Normal",TRUE,16,1,"https://brickset.com/sets/1945-1",0,0,"{Not specified}","{Not specified}",NA,"https://images.brickset.com/sets/small/1945-1.jpg","https://images.brickset.com/sets/images/1945-1.jpg"
867,"2317",1,"Police Building Set",1994,"Duplo","Pre-school",NA,"Normal",TRUE,11,1,"https://brickset.com/sets/2317-1",0,0,"{Not specified}","{Not specified}",NA,NA,NA
871,"2327",1,"Supplementary Set",1994,"Duplo","Pre-school",NA,"Normal",TRUE,19,1,"https://brickset.com/sets/2327-1",0,0,"{Not specified}","{Not specified}",NA,NA,NA
877,"2337",1,"Rover's Building Set",1994,"Duplo","Pre-school",NA,"Normal",TRUE,32,NA,"https://brickset.com/sets/2337-1",0,0,"{Not specified}","{Not specified}",NA,NA,NA
884,"2347",1,"Barnaby Bear's Building Set",1994,"Duplo","Pre-school",NA,"Normal",TRUE,41,NA,"https://brickset.com/sets/2347-1",0,0,"{Not specified}","{Not specified}",NA,NA,NA
22513,"2352",1,"Giraffe Bucket",1994,"Duplo","Pre-school",NA,"Normal",TRUE,NA,NA,"https://brickset.com/sets/2352-1",0,0,"Bucket","Retail - limited",NA,NA,NA
22514,"2359",1,"Elephant Bucket",1994,"Duplo","Pre-school",NA,"Normal",TRUE,46,4,"https://brickset.com/sets/2359-1",0,0,"Bucket","Retail - limited",NA,NA,NA
900,"2380",1,"Panda's Building Bonanza",1994,"Duplo","Pre-school",NA,"Normal",TRUE,78,2,"https://brickset.com/sets/2380-1",0,0,"{Not specified}","{Not specified}",NA,NA,NA
905,"2390",1,"Maxi Building Bucket",1994,"Duplo","Pre-school",NA,"Normal",TRUE,27,2,"https://brickset.com/sets/2390-1",0,1,"{Not specified}","{Not specified}",NA,NA,NA
907,"2393",1,"Medium Bucket",1994,"Duplo","Pre-school",NA,"Normal",TRUE,40,1,"https://brickset.com/sets/2393-1",0,0,"{Not specified}","{Not specified}",NA,NA,NA
908,"2394",1,"Large Bucket",1994,"Duplo","Pre-school",NA,"Normal",TRUE,50,2,"https://brickset.com/sets/2394-1",0,0,"{Not specified}","{Not specified}",NA,"https://images.brickset.com/sets/small/2394-1.jpg","https://images.brickset.com/sets/images/2394-1.jpg"
909,"2396",1,"Extra Large Bucket",1994,"Duplo","Pre-school",NA,"Normal",TRUE,55,1,"https://brickset.com/sets/2396-1",0,0,"{Not specified}","{Not specified}",NA,NA,NA
22515,"2397",1,"Circus Bucket",1994,"Duplo","Pre-school",NA,"Normal",TRUE,41,1,"https://brickset.com/sets/2397-1",0,0,"Bucket","Retail - limited",NA,NA,NA
6062,"2398",1,"Duplo Bucket",1994,"Duplo","Pre-school",NA,"Normal",TRUE,65,1,"https://brickset.com/sets/2398-1",0,0,"{Not specified}","{Not specified}",NA,NA,NA
22516,"2444",1,"Lil' Circus",1994,"Duplo","Pre-school",NA,"Normal",TRUE,8,1,"https://brickset.com/sets/2444-1",0,0,"{Not specified}","Retail - limited",NA,NA,NA
22517,"2445",1,"Farm Yard",1994,"Duplo","Pre-school",NA,"Normal",TRUE,19,1,"https://brickset.com/sets/2445-1",0,0,"{Not specified}","Retail - limited",NA,NA,NA
962,"2608",1,"DUPLO Family",1994,"Duplo","Pre-school",NA,"Normal",TRUE,5,6,"https://brickset.com/sets/2608-1",0,0,"{Not specified}","{Not specified}",NA,"https://images.brickset.com/sets/small/2608-1.jpg","https://images.brickset.com/sets/images/2608-1.jpg"
969,"2616",1,"Mini Safari",1994,"Duplo","Pre-school",NA,"Normal",TRUE,4,1,"https://brickset.com/sets/2616-1",0,0,"{Not specified}","{Not specified}",NA,"https://images.brickset.com/sets/small/2616-1.jpg","https://images.brickset.com/sets/images/2616-1.jpg"
974,"2621",1,"Octan Motorbike Transporter",1994,"Duplo","Pre-school",NA,"Normal",TRUE,4,1,"https://brickset.com/sets/2621-1",0,0,"{Not specified}","{Not specified}",NA,"https://images.brickset.com/sets/small/2621-2.jpg","https://images.brickset.com/sets/images/2621-2.jpg"
345,"2621",2,"Tractor",1994,"Duplo","Pre-school",NA,"Normal",TRUE,2,1,"https://brickset.com/sets/2621-2",0,0,"{Not specified}","{Not specified}",NA,NA,NA
1031,"2680",1,"Doctor's Surgery",1994,"Duplo","Pre-school",NA,"Normal",TRUE,10,3,"https://brickset.com/sets/2680-1",0,1,"{Not specified}","{Not specified}",NA,NA,NA
1032,"2681",1,"Lion Safari",1994,"Duplo","Pre-school",NA,"Normal",TRUE,16,2,"https://brickset.com/sets/2681-1",0,0,"{Not specified}","{Not specified}",NA,NA,NA
1033,"2682",1,"Ambulance",1994,"Duplo","Pre-school",NA,"Normal",TRUE,5,3,"https://brickset.com/sets/2682-1",0,0,"{Not specified}","{Not specified}",NA,NA,NA
1036,"2688",1,"Health Centre",1994,"Duplo","Pre-school",NA,"Normal",TRUE,34,5,"https://brickset.com/sets/2688-1",0,0,"Box","Retail",NA,"https://images.brickset.com/sets/small/2688-1.jpg","https://images.brickset.com/sets/images/2688-1.jpg"
1037,"2689",1,"Savannah Animals",1994,"Duplo","Pre-school",NA,"Normal",TRUE,28,3,"https://brickset.com/sets/2689-1",0,0,"{Not specified}","{Not specified}",NA,"https://images.brickset.com/sets/small/2689-1.jpg","https://images.brickset.com/sets/images/2689-1.jpg"
1072,"2738",1,"Train Bridge",1994,"Duplo","Pre-school","Trains","Normal",TRUE,11,NA,"https://brickset.com/sets/2738-1",0,0,"{Not specified}","{Not specified}",NA,"https://images.brickset.com/sets/small/2738-1.jpg","https://images.brickset.com/sets/images/2738-1.jpg"
1106,"2784",1,"Mother and Baby",1994,"Duplo","Pre-school",NA,"Normal",TRUE,2,2,"https://brickset.com/sets/2784-1",0,0,"{Not specified}","{Not specified}",NA,"https://images.brickset.com/sets/small/2784-1.jpg","https://images.brickset.com/sets/images/2784-1.jpg"
1108,"2786",1,"Laundry Room",1994,"Duplo","Pre-school",NA,"Normal",TRUE,8,1,"https://brickset.com/sets/2786-1",0,0,"{Not specified}","{Not specified}",NA,"https://images.brickset.com/sets/small/2786-1.jpg","https://images.brickset.com/sets/images/2786-1.jpg"
1109,"2787",1,"Nursery",1994,"Duplo","Pre-school",NA,"Normal",TRUE,11,2,"https://brickset.com/sets/2787-1",0,0,"{Not specified}","{Not specified}",NA,"https://images.brickset.com/sets/small/2787-1.jpg","https://images.brickset.com/sets/images/2787-1.jpg"
1110,"2788",1,"Kitchen",1994,"Duplo","Pre-school",NA,"Normal",TRUE,19,1,"https://brickset.com/sets/2788-1",0,0,"{Not specified}","{Not specified}",NA,NA,NA
1111,"2789",1,"Bathroom",1994,"Duplo","Pre-school",NA,"Normal",TRUE,17,2,"https://brickset.com/sets/2789-1",0,0,"{Not specified}","{Not specified}",NA,NA,NA
1112,"2790",1,"Play Room",1994,"Duplo","Pre-school",NA,"Normal",TRUE,29,2,"https://brickset.com/sets/2790-1",0,0,"{Not specified}","{Not specified}",NA,NA,NA
1114,"2792",1,"Granny's House",1994,"Duplo","Pre-school",NA,"Normal",TRUE,44,2,"https://brickset.com/sets/2792-1",0,0,"{Not specified}","{Not specified}",NA,"https://images.brickset.com/sets/small/2792-1.jpg","https://images.brickset.com/sets/images/2792-1.jpg"
1115,"2794",1,"My House",1994,"Duplo","Pre-school",NA,"Normal",TRUE,76,3,"https://brickset.com/sets/2794-1",0,0,"{Not specified}","{Not specified}",NA,"https://images.brickset.com/sets/small/2794-1.jpg","https://images.brickset.com/sets/images/2794-1.jpg"
1116,"2795",1,"Playhouse Bucket",1994,"Duplo","Pre-school",NA,"Normal",TRUE,34,2,"https://brickset.com/sets/2795-1",0,0,"{Not specified}","{Not specified}",NA,"https://images.brickset.com/sets/small/2795-1.jpg","https://images.brickset.com/sets/images/2795-1.jpg"
2179,"4525",1,"Road and Rail Repair",1994,"Trains","Modern day","9V","Normal",TRUE,84,1,"https://brickset.com/sets/4525-1",3.9,5,"Box","Retail",NA,"https://images.brickset.com/sets/small/4525-1.jpg","https://images.brickset.com/sets/images/4525-1.jpg"
2193,"4544",1,"Car Transport Wagon with Car",1994,"Trains","Modern day","9V","Normal",TRUE,143,1,"https://brickset.com/sets/4544-1",3.8,2,"Box","Retail",NA,"https://images.brickset.com/sets/small/4544-1.jpg","https://images.brickset.com/sets/images/4544-1.jpg"
2211,"4564",1,"Freight Rail Runner",1994,"Trains","Modern day","9V","Normal",TRUE,587,3,"https://brickset.com/sets/4564-1",4.6,4,"Box","Retail",NA,"https://images.brickset.com/sets/small/4564-1.jpg","https://images.brickset.com/sets/images/4564-1.jpg"
2484,"5092",1,"Two Duplo Sleeping Bags",1994,"Service Packs","Miscellaneous","Duplo","Normal",TRUE,2,NA,"https://brickset.com/sets/5092-1",0,0,"Polybag","LEGO exclusive",NA,"https://images.brickset.com/sets/small/5092-1.jpg","https://images.brickset.com/sets/images/5092-1.jpg"
2486,"5094",1,"Duplo Window and Shower Curtains",1994,"Service Packs","Miscellaneous","Duplo","Normal",TRUE,3,NA,"https://brickset.com/sets/5094-1",0,0,"Polybag","LEGO exclusive",NA,"https://images.brickset.com/sets/small/5094-1.jpg","https://images.brickset.com/sets/images/5094-1.jpg"
2515,"5121",1,"Decorated Elements",1994,"Service Packs","Miscellaneous",NA,"Normal",TRUE,29,NA,"https://brickset.com/sets/5121-1",0,0,"Polybag","LEGO exclusive",NA,"https://images.brickset.com/sets/small/5121-1.jpg","https://images.brickset.com/sets/images/5121-1.jpg"
2516,"5122",1,"Pirate Accessories",1994,"Service Packs","Miscellaneous","Pirates","Normal",TRUE,22,NA,"https://brickset.com/sets/5122-1",0,1,"Polybag","LEGO exclusive",NA,"https://images.brickset.com/sets/small/5122-1.jpg","https://images.brickset.com/sets/images/5122-1.jpg"
2517,"5124",1,"Wheels and Bearings",1994,"Service Packs","Miscellaneous",NA,"Normal",TRUE,28,NA,"https://brickset.com/sets/5124-1",0,0,"Polybag","LEGO exclusive",NA,"https://images.brickset.com/sets/small/5124-1.jpg","https://images.brickset.com/sets/images/5124-1.jpg"
2530,"5137",1,"Town Accessories",1994,"Service Packs","Miscellaneous","Town","Normal",TRUE,44,NA,"https://brickset.com/sets/5137-1",0,0,"Polybag","LEGO exclusive",NA,"https://images.brickset.com/sets/small/5137-1.jpg","https://images.brickset.com/sets/images/5137-1.jpg"
2531,"5138",1,"Castle Accessories",1994,"Service Packs","Miscellaneous","Castle","Normal",TRUE,35,NA,"https://brickset.com/sets/5138-1",0,0,"Polybag","LEGO exclusive",NA,"https://images.brickset.com/sets/small/5138-1.jpg","https://images.brickset.com/sets/images/5138-1.jpg"
2532,"5139",1,"Pirate Cannon and Wheels",1994,"Service Packs","Miscellaneous","Pirates","Normal",TRUE,28,NA,"https://brickset.com/sets/5139-1",0,1,"Polybag","LEGO exclusive",NA,"https://images.brickset.com/sets/small/5139-1.jpg","https://images.brickset.com/sets/images/5139-1.jpg"
2638,"5245",1,"Universal Joint, Differential Housing and Gear Wheels",1994,"Service Packs","Miscellaneous","Technic","Normal",TRUE,6,NA,"https://brickset.com/sets/5245-1",0,0,"Polybag","LEGO exclusive",NA,"https://images.brickset.com/sets/small/5245-1.jpg","https://images.brickset.com/sets/images/5245-1.jpg"
2672,"5278",1,"Chain Links",1994,"Service Packs","Miscellaneous","Technic","Normal",TRUE,35,NA,"https://brickset.com/sets/5278-1",0,0,"Polybag","LEGO exclusive",NA,"https://images.brickset.com/sets/small/5278-1.jpg","https://images.brickset.com/sets/images/5278-1.jpg"
2675,"5281",1,"Balloon Tyres 49.6 mm",1994,"Service Packs","Miscellaneous",NA,"Normal",TRUE,4,NA,"https://brickset.com/sets/5281-1",0,0,"Polybag","LEGO exclusive",NA,"https://images.brickset.com/sets/small/5281-1.jpg","https://images.brickset.com/sets/images/5281-1.jpg"
2676,"5282",1,"Balloon Tyres 68.8 mm",1994,"Service Packs","Miscellaneous",NA,"Normal",TRUE,4,NA,"https://brickset.com/sets/5282-1",0,0,"Polybag","LEGO exclusive",NA,"https://images.brickset.com/sets/small/5282-1.jpg","https://images.brickset.com/sets/images/5282-1.jpg"
2677,"5283",1,"Balloon Tyres 43.2 mm",1994,"Service Packs","Miscellaneous",NA,"Normal",TRUE,4,NA,"https://brickset.com/sets/5283-1",0,0,"Polybag","LEGO exclusive",NA,"https://images.brickset.com/sets/small/5283-1.jpg","https://images.brickset.com/sets/images/5283-1.jpg"
2678,"5284",1,"Loading Grabs with Crane Hook",1994,"Service Packs","Miscellaneous",NA,"Normal",TRUE,3,NA,"https://brickset.com/sets/5284-1",0,0,"Polybag","LEGO exclusive",NA,"https://images.brickset.com/sets/small/5284-1.jpg","https://images.brickset.com/sets/images/5284-1.jpg"
2679,"5285",1,"Two Large Shock Absorbers",1994,"Service Packs","Miscellaneous","Technic","Normal",TRUE,2,NA,"https://brickset.com/sets/5285-1",0,0,"Polybag","LEGO exclusive",NA,"https://images.brickset.com/sets/small/5285-1.jpg","https://images.brickset.com/sets/images/5285-1.jpg"
2680,"5286",1,"Toggle Joints and Connectors",1994,"Service Packs","Miscellaneous","Technic","Normal",TRUE,64,NA,"https://brickset.com/sets/5286-1",0,0,"Polybag","LEGO exclusive",NA,"https://images.brickset.com/sets/small/5286-1.jpg","https://images.brickset.com/sets/images/5286-1.jpg"
2700,"5308",1,"Headlight Brick",1994,"Service Packs","Miscellaneous","Trains","Normal",TRUE,3,NA,"https://brickset.com/sets/5308-1",0,0,"Polybag","LEGO exclusive",NA,"https://images.brickset.com/sets/small/5308-1.jpg","https://images.brickset.com/sets/images/5308-1.jpg"
2818,"5591",1,"Mach II Red Bird Rig",1994,"Model Team","Model making",NA,"Normal",TRUE,1172,NA,"https://brickset.com/sets/5591-1",4.5,1,"Box","Retail",NA,"https://images.brickset.com/sets/small/5591-1.jpg","https://images.brickset.com/sets/images/5591-1.jpg"
2909,"5860",1,"Love 'N' Lullabies",1994,"Belville","Girls",NA,"Normal",TRUE,52,2,"https://brickset.com/sets/5860-1",0,1,"{Not specified}","{Not specified}",NA,"https://images.brickset.com/sets/small/5860-1.jpg","https://images.brickset.com/sets/images/5860-1.jpg"
2912,"5870",1,"Pretty Playland",1994,"Belville","Girls",NA,"Normal",TRUE,92,2,"https://brickset.com/sets/5870-1",0,0,"{Not specified}","{Not specified}",NA,"https://images.brickset.com/sets/small/5870-1.jpg","https://images.brickset.com/sets/images/5870-1.jpg"
2921,"5880",1,"Prize Pony Stables",1994,"Belville","Girls",NA,"Normal",TRUE,119,2,"https://brickset.com/sets/5880-1",0,0,"{Not specified}","{Not specified}",NA,"https://images.brickset.com/sets/small/5880-1.jpg","https://images.brickset.com/sets/images/5880-1.jpg"
2922,"5890",1,"Pretty Wishes Playhouse",1994,"Belville","Girls",NA,"Normal",TRUE,213,4,"https://brickset.com/sets/5890-1",0,1,"{Not specified}","{Not specified}",NA,"https://images.brickset.com/sets/small/5890-1.jpg","https://images.brickset.com/sets/images/5890-1.jpg"
3097,"6236",1,"King Kahuka",1994,"Pirates","Historical","Islanders","Normal",TRUE,45,1,"https://brickset.com/sets/6236-1",3.5,11,"Box","Retail",NA,"https://images.brickset.com/sets/small/6236-1.jpg","https://images.brickset.com/sets/images/6236-1.jpg"
3102,"6246",1,"Crocodile Cage",1994,"Pirates","Historical","Islanders","Normal",TRUE,59,2,"https://brickset.com/sets/6246-1",3.9,11,"Box","Retail",NA,"https://images.brickset.com/sets/small/6246-1.jpg","https://images.brickset.com/sets/images/6246-1.jpg"
3112,"6256",1,"Islander Catamaran",1994,"Pirates","Historical","Islanders","Normal",TRUE,63,2,"https://brickset.com/sets/6256-1",4,11,"Box","Retail",NA,"https://images.brickset.com/sets/small/6256-1.jpg","https://images.brickset.com/sets/images/6256-1.jpg"
3120,"6262",1,"King Kahuka's Throne",1994,"Pirates","Historical","Islanders","Normal",TRUE,146,5,"https://brickset.com/sets/6262-1",4,8,"Box","Retail",NA,"https://images.brickset.com/sets/small/6262-1.jpg","https://images.brickset.com/sets/images/6262-1.jpg"
3122,"6264",1,"Forbidden Cove",1994,"Pirates","Historical","Islanders","Normal",TRUE,214,4,"https://brickset.com/sets/6264-1",4.2,8,"Box","Retail",NA,"https://images.brickset.com/sets/small/6264-1.jpg","https://images.brickset.com/sets/images/6264-1.jpg"
3134,"6278",1,"Enchanted Island",1994,"Pirates","Historical","Islanders","Normal",TRUE,428,7,"https://brickset.com/sets/6278-1",4.5,18,"Box","Retail",NA,"https://images.brickset.com/sets/small/6278-1.jpg","https://images.brickset.com/sets/images/6278-1.jpg"
3191,"6340",1,"Hook & Ladder",1994,"Town","Modern day","Fire","Normal",TRUE,177,2,"https://brickset.com/sets/6340-1",4.1,4,"Box","Retail",NA,"https://images.brickset.com/sets/small/6340-1.jpg","https://images.brickset.com/sets/images/6340-1.jpg"
3192,"6341",1,"Gas and Go Flyer",1994,"Town","Modern day","Flight","Normal",TRUE,106,2,"https://brickset.com/sets/6341-1",3.7,3,"Box","Retail",NA,"https://images.brickset.com/sets/small/6341-1.jpg","https://images.brickset.com/sets/images/6341-1.jpg"
3198,"6348",1,"Surveillance Squad",1994,"Town","Modern day","Police","Normal",TRUE,311,3,"https://brickset.com/sets/6348-1",4.3,9,"Box","Retail",NA,"https://images.brickset.com/sets/small/6348-1.jpg","https://images.brickset.com/sets/images/6348-1.jpg"
3201,"6350",1,"Pizza To Go",1994,"Town","Modern day","Shops and Services","Normal",TRUE,152,3,"https://brickset.com/sets/6350-1",4.5,19,"Box","Retail",NA,"https://images.brickset.com/sets/small/6350-1.jpg","https://images.brickset.com/sets/images/6350-1.jpg"
3259,"6402",1,"Sidewalk Caf√©",1994,"Town","Modern day","Paradisa","Normal",TRUE,47,2,"https://brickset.com/sets/6402-1",3.9,3,"Box","Retail",NA,"https://images.brickset.com/sets/small/6402-1.jpg","https://images.brickset.com/sets/images/6402-1.jpg"
3267,"6410",1,"Cabana Beach",1994,"Town","Modern day","Paradisa","Normal",TRUE,152,4,"https://brickset.com/sets/6410-1",4,3,"Box","Retail",NA,"https://images.brickset.com/sets/small/6410-1.jpg","https://images.brickset.com/sets/images/6410-1.jpg"
3334,"6483",1,"Coastal Patrol",1994,"Town","Modern day","Police","Normal",TRUE,243,3,"https://brickset.com/sets/6483-1",4.2,3,"Box","Retail",NA,"https://images.brickset.com/sets/small/6483-1.jpg","https://images.brickset.com/sets/images/6483-1.jpg"
3367,"6514",1,"Trail Ranger",1994,"Town","Modern day","Vehicles","Normal",TRUE,36,1,"https://brickset.com/sets/6514-1",3.6,6,"Box","Retail",NA,"https://images.brickset.com/sets/small/6514-1.jpg","https://images.brickset.com/sets/images/6514-1.jpg"
3369,"6515",1,"Stunt Copter",1994,"Town","Modern day","Flight","Normal",TRUE,35,1,"https://brickset.com/sets/6515-1",3.3,4,"Box","Retail",NA,"https://images.brickset.com/sets/small/6515-1.jpg","https://images.brickset.com/sets/images/6515-1.jpg"
3396,"6537",1,"Hydro Racer",1994,"Town","Modern day","Boats","Normal",TRUE,50,1,"https://brickset.com/sets/6537-1",3.8,3,"Box","Retail",NA,"https://images.brickset.com/sets/small/6537-1.jpg","https://images.brickset.com/sets/images/6537-1.jpg"
3397,"6538",1,"Rebel Roadster",1994,"Town","Modern day","Vehicles","Normal",TRUE,57,1,"https://brickset.com/sets/6538-1",3.9,8,"Box","Retail",NA,"https://images.brickset.com/sets/small/6538-1.jpg","https://images.brickset.com/sets/images/6538-1.jpg"
3402,"6543",1,"Sail N' Fly Marina",1994,"Town","Modern day","Boats","Normal",TRUE,709,7,"https://brickset.com/sets/6543-1",4.5,4,"Box","Retail",NA,"https://images.brickset.com/sets/small/6543-1.jpg","https://images.brickset.com/sets/images/6543-1.jpg"
3422,"6561",1,"Hot Rod Club",1994,"Town","Modern day","Vehicles","Normal",TRUE,237,3,"https://brickset.com/sets/6561-1",4.3,6,"Box","Retail",NA,"https://images.brickset.com/sets/small/6561-1.jpg","https://images.brickset.com/sets/images/6561-1.jpg"
3431,"6571",1,"Flame Fighters",1994,"Town","Modern day","Fire","Normal",TRUE,428,4,"https://brickset.com/sets/6571-1",4.3,2,"Box","Retail",NA,"https://images.brickset.com/sets/small/6571-1.jpg","https://images.brickset.com/sets/images/6571-1.jpg"
3452,"6597",1,"Century Skyway",1994,"Town","Modern day","Flight","Normal",TRUE,894,12,"https://brickset.com/sets/6597-1",4.6,14,"Box","Retail",NA,"https://images.brickset.com/sets/small/6597-1.jpg","https://images.brickset.com/sets/images/6597-1.jpg"
3519,"6665",1,"River Runners",1994,"Town","Modern day","Leisure","Normal",TRUE,77,3,"https://brickset.com/sets/6665-1",3.9,5,"Box","Retail",NA,"https://images.brickset.com/sets/small/6665-1.jpg","https://images.brickset.com/sets/images/6665-1.jpg"
3520,"6666",1,"Ambulance",1994,"Town","Modern day","Medical","Normal",TRUE,79,2,"https://brickset.com/sets/6666-1",3.9,4,"Box","Retail",NA,"https://images.brickset.com/sets/small/6666-1.jpg","https://images.brickset.com/sets/images/6666-1.jpg"
3560,"6705",1,"Space Explorers",1994,"Space","Action/Adventure","Miscellaneous","Normal",TRUE,39,5,"https://brickset.com/sets/6705-1",4.1,4,"Box","Retail",NA,"https://images.brickset.com/sets/small/6705-1.jpg","https://images.brickset.com/sets/images/6705-1.jpg"
3649,"6835",1,"Saucer Scout",1994,"Space","Action/Adventure","Spyrius","Normal",TRUE,47,1,"https://brickset.com/sets/6835-1",3.6,10,"Box","Retail",NA,"https://images.brickset.com/sets/small/6835-1.jpg","https://images.brickset.com/sets/images/6835-1.jpg"
3686,"6889",1,"Recon Robot",1994,"Space","Action/Adventure","Spyrius","Normal",TRUE,135,1,"https://brickset.com/sets/6889-1",3.9,8,"Box","Retail",NA,"https://images.brickset.com/sets/small/6889-1.jpg","https://images.brickset.com/sets/images/6889-1.jpg"
3719,"6939",1,"Saucer Centurion",1994,"Space","Action/Adventure","Spyrius","Normal",TRUE,222,2,"https://brickset.com/sets/6939-1",4.1,11,"Box","Retail",NA,"https://images.brickset.com/sets/small/6939-1.jpg","https://images.brickset.com/sets/images/6939-1.jpg"
3724,"6949",1,"Robo-Guardian",1994,"Space","Action/Adventure","Spyrius","Normal",TRUE,369,3,"https://brickset.com/sets/6949-1",4.4,6,"Box","Retail",NA,"https://images.brickset.com/sets/small/6949-1.jpg","https://images.brickset.com/sets/images/6949-1.jpg"
3734,"6959",1,"Lunar Launch Site",1994,"Space","Action/Adventure","Spyrius","Normal",TRUE,287,3,"https://brickset.com/sets/6959-1",3.7,8,"Box","Retail",NA,"https://images.brickset.com/sets/small/6959-1.jpg","https://images.brickset.com/sets/images/6959-1.jpg"
3759,"6991",1,"Monorail Transport Base",1994,"Space","Action/Adventure","Unitron","Normal",TRUE,573,4,"https://brickset.com/sets/6991-1",4.4,12,"Box","Retail",NA,"https://images.brickset.com/sets/small/6991-1.jpg","https://images.brickset.com/sets/images/6991-1.jpg"
4103,"8032",1,"Multi Functional Starter Set",1994,"Technic","Technical","Universal","Normal",TRUE,215,NA,"https://brickset.com/sets/8032-1",3.5,1,"Box","Retail",NA,"https://images.brickset.com/sets/small/8032-1.jpg","https://images.brickset.com/sets/images/8032-1.jpg"
4115,"8062",1,"Briefcase Set",1994,"Technic","Technical","Universal","Normal",TRUE,403,NA,"https://brickset.com/sets/8062-1",4.2,1,"Other","Retail",NA,"https://images.brickset.com/sets/small/8062-1.jpg","https://images.brickset.com/sets/images/8062-1.jpg"
4462,"8808",1,"F1 Racer ",1994,"Technic","Technical",NA,"Normal",TRUE,94,NA,"https://brickset.com/sets/8808-1",3.7,2,"Box","Retail",NA,"https://images.brickset.com/sets/small/8808-1.jpg","https://images.brickset.com/sets/images/8808-1.jpg"
4465,"8812",1,"Helicopter",1994,"Technic","Technical",NA,"Normal",TRUE,147,NA,"https://brickset.com/sets/8812-1",3.2,2,"Box","Retail",NA,"https://images.brickset.com/sets/small/8812-1.jpg","https://images.brickset.com/sets/images/8812-1.jpg"
4467,"8816",1,"Off-Roader",1994,"Technic","Technical",NA,"Normal",TRUE,184,NA,"https://brickset.com/sets/8816-1",3.6,1,"Box","Retail",NA,"https://images.brickset.com/sets/small/8816-1.jpg","https://images.brickset.com/sets/images/8816-1.jpg"
4474,"8829",1,"Dune Blaster",1994,"Technic","Technical",NA,"Normal",TRUE,278,NA,"https://brickset.com/sets/8829-1",3.7,1,"Box","Retail",NA,"https://images.brickset.com/sets/small/8829-1.jpg","https://images.brickset.com/sets/images/8829-1.jpg"
4503,"8858",1,"Rebel Wrecker",1994,"Technic","Technical",NA,"Normal",TRUE,461,NA,"https://brickset.com/sets/8858-1",3.9,3,"Box","Retail",10,"https://images.brickset.com/sets/small/8858-1.jpg","https://images.brickset.com/sets/images/8858-1.jpg"
4511,"8880",1,"Super Car",1994,"Technic","Technical",NA,"Normal",TRUE,1343,NA,"https://brickset.com/sets/8880-1",4.5,23,"Box","Retail",NA,"https://images.brickset.com/sets/small/8880-1.jpg","https://images.brickset.com/sets/images/8880-1.jpg"
33891,"9408",1,"Spyrius Key Chain",1994,"Gear","Miscellaneous","Key Chains/Space","Gear",TRUE,NA,NA,"https://brickset.com/sets/9408-1",0,0,"Polybag","Retail - limited",NA,NA,NA
30718,"9607",1,"Technology Activity Set (Manufacturing Systems Set)",1994,"Dacta","Educational","Technic","Normal",TRUE,298,NA,"https://brickset.com/sets/9607-1",0,0,"{Not specified}","{Not specified}",11,NA,NA
30719,"9627",1,"Technology Group Activity Set",1994,"Dacta","Educational","Technic","Normal",TRUE,1132,NA,"https://brickset.com/sets/9627-1",0,0,"{Not specified}","{Not specified}",NA,NA,NA
31876,"BK27SPR1994",1,"BRICK KICKS Spring 1994",1994,"Books","Miscellaneous","Brick Kicks","Book",TRUE,NA,NA,"https://brickset.com/sets/BK27SPR1994-1",0,0,"{Not specified}","{Not specified}",NA,"https://images.brickset.com/sets/small/BK27SPR1994-1.jpg","https://images.brickset.com/sets/images/BK27SPR1994-1.jpg"
31877,"BK28SUM1994",1,"BRICK KICKS Summer 1994",1994,"Books","Miscellaneous","Brick Kicks","Book",TRUE,NA,NA,"https://brickset.com/sets/BK28SUM1994-1",0,0,"{Not specified}","{Not specified}",NA,"https://images.brickset.com/sets/small/BK28SUM1994-1.jpg","https://images.brickset.com/sets/images/BK28SUM1994-1.jpg"
31878,"BK29FAL1994",1,"BRICK KICKS Fall 1994",1994,"Books","Miscellaneous","Brick Kicks","Book",TRUE,NA,NA,"https://brickset.com/sets/BK29FAL1994-1",0,0,"{Not specified}","{Not specified}",NA,"https://images.brickset.com/sets/small/BK29FAL1994-1.jpg","https://images.brickset.com/sets/images/BK29FAL1994-1.jpg"
32018,"MM01WIN1994",1,"Mania Magazine Winter 1994",1994,"Books","Miscellaneous","Mania Magazine","Book",TRUE,NA,NA,"https://brickset.com/sets/MM01WIN1994-1",0,0,"{Not specified}","{Not specified}",NA,"https://images.brickset.com/sets/small/MM01WIN1994-1.jpg","https://images.brickset.com/sets/images/MM01WIN1994-1.jpg"
