"setID","name","year","theme","themeGroup","subtheme","category","released","pieces","minifigs","bricksetURL","rating","reviewCount","packagingType","availability","agerange_min","thumbnailURL","imageURL"
3844,"Universal Building Set, 7+",1980,"Basic","Basic",NA,"Normal",TRUE,301,NA,"https://brickset.com/sets/722-1",4.5,5,"{Not specified}","{Not specified}",NA,"https://images.brickset.com/sets/small/722-1.jpg","https://images.brickset.com/sets/images/722-1.jpg"
3895,"Universal Building Set, 7+",1980,"Basic","Basic",NA,"Normal",TRUE,533,NA,"https://brickset.com/sets/733-1",0,2,"{Not specified}","{Not specified}",NA,"https://images.brickset.com/sets/small/733-1.jpg","https://images.brickset.com/sets/images/733-1.jpg"
3935,"Universal Building Set with Motor, 7+",1980,"Basic","Basic",NA,"Normal",TRUE,537,NA,"https://brickset.com/sets/744-1",4.5,2,"{Not specified}","{Not specified}",NA,"https://images.brickset.com/sets/small/744-1.jpg","https://images.brickset.com/sets/images/744-1.jpg"
4135,"Red Plates Parts Pack",1980,"Basic","Basic","Supplementaries","Normal",TRUE,34,NA,"https://brickset.com/sets/820-1",0,0,"{Not specified}","{Not specified}",NA,"https://images.brickset.com/sets/small/820-1.jpg","https://images.brickset.com/sets/images/820-1.jpg"
4151,"Blue Plates Parts Pack",1980,"Basic","Basic","Supplementaries","Normal",TRUE,34,NA,"https://brickset.com/sets/822-1",0,0,"{Not specified}","{Not specified}",NA,"https://images.brickset.com/sets/small/822-1.jpg","https://images.brickset.com/sets/images/822-1.jpg"
4187,"Red Bricks Parts Pack",1980,"Basic","Basic","Supplementaries","Normal",TRUE,46,NA,"https://brickset.com/sets/830-1",0,0,"{Not specified}","{Not specified}",NA,"https://images.brickset.com/sets/small/830-1.jpg","https://images.brickset.com/sets/images/830-1.jpg"
4191,"Black Bricks Parts Pack",1980,"Basic","Basic","Supplementaries","Normal",TRUE,46,NA,"https://brickset.com/sets/831-1",0,0,"{Not specified}","{Not specified}",NA,"https://images.brickset.com/sets/small/831-1.jpg","https://images.brickset.com/sets/images/831-1.jpg"
4202,"Blue Bricks Parts Pack",1980,"Basic","Basic","Supplementaries","Normal",TRUE,46,NA,"https://brickset.com/sets/832-1",0,0,"{Not specified}","{Not specified}",NA,"https://images.brickset.com/sets/small/832-1.jpg","https://images.brickset.com/sets/images/832-1.jpg"
4208,"White Bricks Parts Pack",1980,"Basic","Basic","Supplementaries","Normal",TRUE,46,NA,"https://brickset.com/sets/833-1",0,0,"{Not specified}","{Not specified}",NA,"https://images.brickset.com/sets/small/833-1.jpg","https://images.brickset.com/sets/images/833-1.jpg"
4209,"Yellow Bricks Parts Pack",1980,"Basic","Basic","Supplementaries","Normal",TRUE,46,NA,"https://brickset.com/sets/834-1",0,0,"{Not specified}","{Not specified}",NA,"https://images.brickset.com/sets/small/834-1.jpg","https://images.brickset.com/sets/images/834-1.jpg"
4218,"Doors and Windows Parts Pack",1980,"Basic","Basic","Supplementaries","Normal",TRUE,37,NA,"https://brickset.com/sets/836-1",0,0,"{Not specified}","{Not specified}",NA,"https://images.brickset.com/sets/small/836-1.jpg","https://images.brickset.com/sets/images/836-1.jpg"
4226,"Wheels and Tyres Parts Pack",1980,"Basic","Basic","Supplementaries","Normal",TRUE,28,NA,"https://brickset.com/sets/837-1",0,0,"{Not specified}","{Not specified}",NA,"https://images.brickset.com/sets/small/837-1.jpg","https://images.brickset.com/sets/images/837-1.jpg"
4233,"Red Roof Bricks Parts Pack, 45°",1980,"Basic","Basic","Supplementaries","Normal",TRUE,58,NA,"https://brickset.com/sets/838-1",0,1,"Box","Retail",NA,"https://images.brickset.com/sets/small/838-1.jpg","https://images.brickset.com/sets/images/838-1.jpg"
4242,"Red Roof Bricks Parts Pack, 33°",1980,"Basic","Basic","Supplementaries","Normal",TRUE,42,NA,"https://brickset.com/sets/839-1",0,1,"Box","Retail",NA,"https://images.brickset.com/sets/small/839-1.jpg","https://images.brickset.com/sets/images/839-1.jpg"
4243,"Baseplate, Green",1980,"Basic","Basic","Supplementaries","Normal",TRUE,1,NA,"https://brickset.com/sets/840-1",0,3,"{Not specified}","{Not specified}",NA,"https://images.brickset.com/sets/small/840-1.jpg","https://images.brickset.com/sets/images/840-1.jpg"
4245,"Baseplates, Green and Yellow",1980,"Basic","Basic","Supplementaries","Normal",TRUE,2,NA,"https://brickset.com/sets/841-1",0,0,"{Not specified}","{Not specified}",NA,"https://images.brickset.com/sets/small/841-1.jpg","https://images.brickset.com/sets/images/841-1.jpg"
4249,"Baseplates, Red and Blue",1980,"Basic","Basic","Supplementaries","Normal",TRUE,2,NA,"https://brickset.com/sets/842-1",0,0,"{Not specified}","{Not specified}",NA,NA,NA
4254,"Baseplate, Grey",1980,"Basic","Basic","Supplementaries","Normal",TRUE,1,NA,"https://brickset.com/sets/843-1",0,2,"{Not specified}","{Not specified}",NA,"https://images.brickset.com/sets/small/843-1.jpg","https://images.brickset.com/sets/images/843-1.jpg"
4382,"Auto Engines",1980,"Technic","Technical",NA,"Normal",TRUE,242,NA,"https://brickset.com/sets/858-1",0,2,"Box","Retail",NA,"https://images.brickset.com/sets/small/858-1.jpg","https://images.brickset.com/sets/images/858-1.jpg"
30898,"Wallboard/baseplate 40x80cm",1980,"Education","Educational",NA,"Normal",TRUE,NA,NA,"https://brickset.com/sets/1005-1",0,0,"{Not specified}","{Not specified}",NA,"https://images.brickset.com/sets/small/1005-1.jpg","https://images.brickset.com/sets/images/1005-1.jpg"
7836,"Educational Duplo Building Set",1980,"Dacta","Educational",NA,"Normal",TRUE,68,NA,"https://brickset.com/sets/1041-2",0,0,"{Not specified}","{Not specified}",NA,"https://images.brickset.com/sets/small/1041-2.jpg","https://images.brickset.com/sets/images/1041-2.jpg"
7842,"Universal set for boys and girls",1980,"Dacta","Educational",NA,"Normal",TRUE,NA,NA,"https://brickset.com/sets/1050-2",0,0,"{Not specified}","{Not specified}",6,"https://images.brickset.com/sets/small/1050-2.jpg","https://images.brickset.com/sets/images/1050-2.jpg"
7853,"{Town Vehicles}",1980,"Dacta","Educational",NA,"Normal",TRUE,172,6,"https://brickset.com/sets/1062-1",0,0,"{Not specified}","{Not specified}",NA,"https://images.brickset.com/sets/small/1062-1.jpg","https://images.brickset.com/sets/images/1062-1.jpg"
7859,"LEGO People Supplementary Set",1980,"Dacta","Educational",NA,"Normal",TRUE,304,NA,"https://brickset.com/sets/1075-1",0,0,"{Not specified}","{Not specified}",NA,"https://images.brickset.com/sets/small/1075-1.jpg","https://images.brickset.com/sets/images/1075-1.jpg"
7860,"LEGO Car and Truck Supplementary Set",1980,"Dacta","Educational",NA,"Normal",TRUE,NA,NA,"https://brickset.com/sets/1076-2",0,0,"{Not specified}","{Not specified}",NA,"https://images.brickset.com/sets/small/1076-2.jpg","https://images.brickset.com/sets/images/1076-2.jpg"
143,"Replacement 4.5V Motor",1980,"Service Packs","Miscellaneous",NA,"Normal",TRUE,1,NA,"https://brickset.com/sets/1101-1",0,0,"Polybag","LEGO exclusive",NA,"https://images.brickset.com/sets/small/1101-1.jpg","https://images.brickset.com/sets/images/1101-1.jpg"
145,"Battery Box",1980,"Service Packs","Miscellaneous",NA,"Normal",TRUE,1,NA,"https://brickset.com/sets/1103-1",0,0,"Polybag","LEGO exclusive",NA,NA,NA
146,"Two Connector Leads",1980,"Service Packs","Miscellaneous",NA,"Normal",TRUE,2,NA,"https://brickset.com/sets/1104-1",0,0,"Polybag","LEGO exclusive",NA,NA,NA
148,"Battery Tender for Trains",1980,"Service Packs","Miscellaneous","Trains","Normal",TRUE,2,NA,"https://brickset.com/sets/1106-1",0,0,"Polybag","LEGO exclusive",NA,"https://images.brickset.com/sets/small/1106-1.jpg","https://images.brickset.com/sets/images/1106-1.jpg"
150,"Two Shunting Trip-Posts and One Signal",1980,"Service Packs","Miscellaneous","Trains","Normal",TRUE,4,NA,"https://brickset.com/sets/1107-1",0,0,"Polybag","LEGO exclusive",NA,"https://images.brickset.com/sets/small/1107-1.jpg","https://images.brickset.com/sets/images/1107-1.jpg"
151,"Two Pairs of Magnetic Couplings",1980,"Service Packs","Miscellaneous","Trains","Normal",TRUE,4,NA,"https://brickset.com/sets/1108-1",0,0,"Polybag","LEGO exclusive",NA,NA,NA
154,"Eight Rubber Rims for Locomotive Wheels",1980,"Service Packs","Miscellaneous","Trains","Normal",TRUE,8,NA,"https://brickset.com/sets/1111-1",0,0,"Polybag","LEGO exclusive",NA,NA,NA
155,"Motor Frame 6 x 16 Stud Plus Four Buffers",1980,"Service Packs","Miscellaneous",NA,"Normal",TRUE,5,NA,"https://brickset.com/sets/1113-1",0,0,"Polybag","LEGO exclusive",NA,"https://images.brickset.com/sets/small/1113-1.jpg","https://images.brickset.com/sets/images/1113-1.jpg"
156,"Motor Frame 6 x 22 Stud",1980,"Service Packs","Miscellaneous",NA,"Normal",TRUE,1,NA,"https://brickset.com/sets/1114-1",0,0,"Polybag","LEGO exclusive",NA,"https://images.brickset.com/sets/small/1114-1.jpg","https://images.brickset.com/sets/images/1114-1.jpg"
157,"Lighting Brick, 4.5V",1980,"Service Packs","Miscellaneous",NA,"Normal",TRUE,1,NA,"https://brickset.com/sets/1115-1",0,0,"Polybag","LEGO exclusive",NA,"https://images.brickset.com/sets/small/1115-1.jpg","https://images.brickset.com/sets/images/1115-1.jpg"
160,"Two Tyres, 42 mm Diameter",1980,"Service Packs","Miscellaneous",NA,"Normal",TRUE,2,NA,"https://brickset.com/sets/1120-1",0,0,"Polybag","LEGO exclusive",NA,"https://images.brickset.com/sets/small/1120-1.jpg","https://images.brickset.com/sets/images/1120-1.jpg"
162,"Hinge Units",1980,"Service Packs","Miscellaneous",NA,"Normal",TRUE,3,NA,"https://brickset.com/sets/1122-1",0,0,"Polybag","LEGO exclusive",NA,NA,NA
163,"Ball and Socket Couplings & One Articulated Joint",1980,"Service Packs","Miscellaneous",NA,"Normal",TRUE,8,NA,"https://brickset.com/sets/1123-1",0,0,"Polybag","LEGO exclusive",NA,"https://images.brickset.com/sets/small/1123-1.jpg","https://images.brickset.com/sets/images/1123-1.jpg"
165,"Crane Grab Assembly",1980,"Service Packs","Miscellaneous",NA,"Normal",TRUE,3,NA,"https://brickset.com/sets/1125-1",0,0,"Polybag","LEGO exclusive",NA,NA,NA
169,"Spread Bag",1980,"Service Packs","Miscellaneous",NA,"Normal",TRUE,34,NA,"https://brickset.com/sets/1129-2",0,0,"Polybag","LEGO exclusive",NA,NA,NA
171,"Plastic Folder for Building Instructions",1980,"Service Packs","Miscellaneous",NA,"Normal",TRUE,1,NA,"https://brickset.com/sets/1130-1",0,0,"Polybag","LEGO exclusive",NA,"https://images.brickset.com/sets/small/1130-1.jpg","https://images.brickset.com/sets/images/1130-1.jpg"
437,"Danone Delivery Truck",1980,"Town","Modern day","Special","Normal",TRUE,40,NA,"https://brickset.com/sets/1591-1",0,0,"Box","Promotional",NA,"https://images.brickset.com/sets/small/1591-1.jpg","https://images.brickset.com/sets/images/1591-1.jpg"
439,"Town Square - Castle Scene",1980,"Town","Modern day","Classic","Normal",TRUE,471,11,"https://brickset.com/sets/1592-1",4.3,3,"Box","Retail - limited",NA,"https://images.brickset.com/sets/small/1592-1.jpg","https://images.brickset.com/sets/images/1592-1.jpg"
486,"Maersk Line Container Lorry",1980,"Town","Modern day","Special","Normal",TRUE,305,1,"https://brickset.com/sets/1651-2",0,1,"Box","Promotional",NA,"https://images.brickset.com/sets/small/1651-2.jpg","https://images.brickset.com/sets/images/1651-2.jpg"
747,"Rock 'n' Roll Pull-Toy",1980,"Duplo","Pre-school",NA,"Normal",TRUE,4,1,"https://brickset.com/sets/2053-1",0,0,"{Not specified}","{Not specified}",NA,NA,NA
750,"Rock 'n' Rattle Pull-Toy",1980,"Duplo","Pre-school",NA,"Normal",TRUE,6,1,"https://brickset.com/sets/2056-1",0,0,"{Not specified}","{Not specified}",NA,NA,NA
973,"Sports Car",1980,"Duplo","Pre-school",NA,"Normal",TRUE,2,1,"https://brickset.com/sets/2620-1",0,0,"{Not specified}","{Not specified}",NA,NA,NA
975,"Delivery Van",1980,"Duplo","Pre-school",NA,"Normal",TRUE,6,1,"https://brickset.com/sets/2623-1",0,0,"{Not specified}","{Not specified}",NA,NA,NA
977,"Car with Boat and Trailer",1980,"Duplo","Pre-school",NA,"Normal",TRUE,6,1,"https://brickset.com/sets/2625-1",0,0,"{Not specified}","{Not specified}",NA,"https://images.brickset.com/sets/small/2625-1.jpg","https://images.brickset.com/sets/images/2625-1.jpg"
978,"Pony Trailer",1980,"Duplo","Pre-school",NA,"Normal",TRUE,5,1,"https://brickset.com/sets/2627-1",0,0,"{Not specified}","{Not specified}",NA,NA,NA
982,"Family Room",1980,"Duplo","Pre-school",NA,"Normal",TRUE,9,3,"https://brickset.com/sets/2630-1",0,0,"{Not specified}","{Not specified}",NA,NA,NA
992,"Grocery Store",1980,"Duplo","Pre-school",NA,"Normal",TRUE,23,2,"https://brickset.com/sets/2640-1",0,0,"{Not specified}","{Not specified}",NA,NA,NA
994,"Playbox",1980,"Duplo","Pre-school",NA,"Normal",TRUE,1,NA,"https://brickset.com/sets/2643-2",0,0,"{Not specified}","{Not specified}",NA,NA,NA
996,"Nursery School",1980,"Duplo","Pre-school",NA,"Normal",TRUE,29,6,"https://brickset.com/sets/2645-1",0,0,"{Not specified}","{Not specified}",NA,NA,NA
1002,"Farm",1980,"Duplo","Pre-school",NA,"Normal",TRUE,60,5,"https://brickset.com/sets/2650-1",0,0,"{Not specified}","{Not specified}",NA,NA,NA
1667,"Pram - Lisa Lamb Goes Walking",1980,"Fabuland","Junior",NA,"Normal",TRUE,3,1,"https://brickset.com/sets/3602-1",0,0,"{Not specified}","{Not specified}",NA,"https://images.brickset.com/sets/small/3602-1.jpg","https://images.brickset.com/sets/images/3602-1.jpg"
1669,"Mark Monkey with his Fruit Stall",1980,"Fabuland","Junior",NA,"Normal",TRUE,3,1,"https://brickset.com/sets/3604-1",0,1,"{Not specified}","{Not specified}",NA,"https://images.brickset.com/sets/small/3604-1.jpg","https://images.brickset.com/sets/images/3604-1.jpg"
1670,"Ricky Racoon and his Scooter",1980,"Fabuland","Junior",NA,"Normal",TRUE,1,1,"https://brickset.com/sets/3605-1",0,0,"{Not specified}","{Not specified}",3,"https://images.brickset.com/sets/small/3605-1.jpg","https://images.brickset.com/sets/images/3605-1.jpg"
1700,"Charlie Crow's Carry-All",1980,"Fabuland","Junior",NA,"Normal",TRUE,17,1,"https://brickset.com/sets/3634-1",0,1,"{Not specified}","{Not specified}",NA,"https://images.brickset.com/sets/small/3634-1.jpg","https://images.brickset.com/sets/images/3634-1.jpg"
1726,"Harry Horse and Clara Cow's Ice Cream Shoppe",1980,"Fabuland","Junior",NA,"Normal",TRUE,36,2,"https://brickset.com/sets/3665-1",0,1,"{Not specified}","{Not specified}",NA,"https://images.brickset.com/sets/small/3665-1.jpg","https://images.brickset.com/sets/images/3665-1.jpg"
2071,"Rings",1980,"Scala","Girls","Jewellery","Normal",TRUE,15,NA,"https://brickset.com/sets/4306-1",0,0,"{Not specified}","{Not specified}",NA,"https://images.brickset.com/sets/small/4306-1.jpg","https://images.brickset.com/sets/images/4306-1.jpg"
2072,"Rings",1980,"Scala","Girls","Jewellery","Normal",TRUE,15,NA,"https://brickset.com/sets/4307-1",0,0,"{Not specified}","{Not specified}",NA,"https://images.brickset.com/sets/small/4307-1.jpg","https://images.brickset.com/sets/images/4307-1.jpg"
2077,"Picture Frame and Mirror",1980,"Scala","Girls","Jewellery","Normal",TRUE,52,NA,"https://brickset.com/sets/4336-1",0,0,"{Not specified}","{Not specified}",NA,"https://images.brickset.com/sets/small/4336-1.jpg","https://images.brickset.com/sets/images/4336-1.jpg"
2625,"Bedroom",1980,"Homemaker","Vintage",NA,"Normal",TRUE,26,1,"https://brickset.com/sets/5233-1",0,1,"{Not specified}","{Not specified}",NA,"https://images.brickset.com/sets/small/5233-2.jpg","https://images.brickset.com/sets/images/5233-2.jpg"
2973,"LEGOLAND Idea Book",1980,"Books","Miscellaneous","LEGO","Book",TRUE,NA,NA,"https://brickset.com/sets/6000-1",4.5,9,"{Not specified}","{Not specified}",NA,"https://images.brickset.com/sets/small/6000-1.jpg","https://images.brickset.com/sets/images/6000-1.jpg"
3151,"Road Plates, Cross",1980,"Town","Modern day","Accessories","Normal",TRUE,2,NA,"https://brickset.com/sets/6304-1",3.6,1,"Shrink-wrapped","Retail",NA,"https://images.brickset.com/sets/small/6304-1.jpg","https://images.brickset.com/sets/images/6304-1.jpg"
3152,"Trees and Flowers",1980,"Town","Modern day","Accessories","Normal",TRUE,12,NA,"https://brickset.com/sets/6305-1",3.7,4,"Box","Retail",NA,"https://images.brickset.com/sets/small/6305-1.jpg","https://images.brickset.com/sets/images/6305-1.jpg"
3153,"Road Signs",1980,"Town","Modern day","Accessories","Normal",TRUE,12,NA,"https://brickset.com/sets/6306-1",3.9,3,"Box","Retail",NA,"https://images.brickset.com/sets/small/6306-1.jpg","https://images.brickset.com/sets/images/6306-1.jpg"
3215,"Auto Repair Shop",1980,"Town","Modern day","Shops and Services","Normal",TRUE,141,1,"https://brickset.com/sets/6363-1",4,6,"Box","Retail",NA,"https://images.brickset.com/sets/small/6363-1.jpg","https://images.brickset.com/sets/images/6363-1.jpg"
3216,"Paramedic Unit",1980,"Town","Modern day","Medical","Normal",TRUE,137,2,"https://brickset.com/sets/6364-1",4.1,5,"Box","Retail",NA,"https://images.brickset.com/sets/small/6364-1.jpg","https://images.brickset.com/sets/images/6364-1.jpg"
3228,"Exxon Gas Station",1980,"Town","Modern day","Shops and Services","Normal",TRUE,267,3,"https://brickset.com/sets/6375-2",4.6,5,"Box","Retail - limited",NA,"https://images.brickset.com/sets/small/6375-2.jpg","https://images.brickset.com/sets/images/6375-2.jpg"
3246,"Main Street",1980,"Town","Modern day","Shops and Services","Normal",TRUE,591,8,"https://brickset.com/sets/6390-1",4.6,5,"Box","Retail - limited",NA,"https://images.brickset.com/sets/small/6390-1.jpg","https://images.brickset.com/sets/images/6390-1.jpg"
3466,"Race Car",1980,"Town","Modern day","Racing","Normal",TRUE,17,1,"https://brickset.com/sets/6609-1",3.4,4,"Box","Retail",NA,"https://images.brickset.com/sets/small/6609-1.jpg","https://images.brickset.com/sets/images/6609-1.jpg"
3484,"Convertible",1980,"Town","Modern day","Vehicles","Normal",TRUE,37,1,"https://brickset.com/sets/6627-1",4,8,"Box","Retail",NA,"https://images.brickset.com/sets/small/6627-1.jpg","https://images.brickset.com/sets/images/6627-1.jpg"
3500,"Highway Repair",1980,"Town","Modern day","Maintenance","Normal",TRUE,55,1,"https://brickset.com/sets/6647-1",3.9,2,"Box","Retail",NA,"https://images.brickset.com/sets/small/6647-1.jpg","https://images.brickset.com/sets/images/6647-1.jpg"
3502,"Dump Truck",1980,"Town","Modern day","Construction","Normal",TRUE,42,1,"https://brickset.com/sets/6648-2",3.2,2,"Box","Retail - limited",NA,"https://images.brickset.com/sets/small/6648-2.jpg","https://images.brickset.com/sets/images/6648-2.jpg"
3532,"Pneumatic Crane",1980,"Town","Modern day","Construction","Normal",TRUE,60,1,"https://brickset.com/sets/6678-1",3.6,2,"Box","Retail",NA,"https://images.brickset.com/sets/small/6678-1.jpg","https://images.brickset.com/sets/images/6678-1.jpg"
3533,"Exxon Tow Truck",1980,"Town","Modern day","Vehicles","Normal",TRUE,79,1,"https://brickset.com/sets/6679-2",4.1,3,"Box","Retail - limited",NA,"https://images.brickset.com/sets/small/6679-2.jpg","https://images.brickset.com/sets/images/6679-2.jpg"
3545,"Snorkel Pumper",1980,"Town","Modern day","Fire","Normal",TRUE,91,2,"https://brickset.com/sets/6690-1",3.9,2,"Box","Retail",NA,"https://images.brickset.com/sets/small/6690-1.jpg","https://images.brickset.com/sets/images/6690-1.jpg"
3635,"Shovel Buggy",1980,"Space","Action/Adventure","Classic","Normal",TRUE,28,1,"https://brickset.com/sets/6821-1",3.7,2,"{Not specified}","{Not specified}",NA,"https://images.brickset.com/sets/small/6821-1.jpg","https://images.brickset.com/sets/images/6821-1.jpg"
3652,"Mineral Detector",1980,"Space","Action/Adventure","Classic","Normal",TRUE,44,1,"https://brickset.com/sets/6841-1",3.8,2,"{Not specified}","{Not specified}",NA,"https://images.brickset.com/sets/small/6841-1.jpg","https://images.brickset.com/sets/images/6841-1.jpg"
3666,"X1 Patrol Craft",1980,"Space","Action/Adventure","Classic","Normal",TRUE,55,1,"https://brickset.com/sets/6861-1",4.2,2,"{Not specified}","{Not specified}",NA,"https://images.brickset.com/sets/small/6861-1.jpg","https://images.brickset.com/sets/images/6861-1.jpg"
3699,"Mobile Lab",1980,"Space","Action/Adventure","Classic","Normal",TRUE,135,2,"https://brickset.com/sets/6901-1",4.1,5,"{Not specified}","{Not specified}",NA,"https://images.brickset.com/sets/small/6901-1.jpg","https://images.brickset.com/sets/images/6901-1.jpg"
3740,"Beta I Command Base",1980,"Space","Action/Adventure","Classic","Normal",TRUE,264,4,"https://brickset.com/sets/6970-1",4.6,9,"{Not specified}","{Not specified}",NA,"https://images.brickset.com/sets/small/6970-1.jpg","https://images.brickset.com/sets/images/6970-1.jpg"
3993,"Push-Along Passenger Steam Train",1980,"Trains","Modern day","4.5/12V","Normal",TRUE,447,5,"https://brickset.com/sets/7710-1",4.2,4,"{Not specified}","{Not specified}",NA,"https://images.brickset.com/sets/small/7710-1.jpg","https://images.brickset.com/sets/images/7710-1.jpg"
3995,"Diesel Freight Train Set",1980,"Trains","Modern day","4.5/12V","Normal",TRUE,425,3,"https://brickset.com/sets/7720-1",3.8,4,"{Not specified}","{Not specified}",NA,"https://images.brickset.com/sets/small/7720-1.jpg","https://images.brickset.com/sets/images/7720-1.jpg"
3999,"Electric Goods Train Set",1980,"Trains","Modern day","4.5/12V","Normal",TRUE,512,2,"https://brickset.com/sets/7730-1",0,2,"{Not specified}","{Not specified}",NA,"https://images.brickset.com/sets/small/7730-1.jpg","https://images.brickset.com/sets/images/7730-1.jpg"
4001,"Inter-City Passenger Train Set",1980,"Trains","Modern day","4.5/12V","Normal",TRUE,786,10,"https://brickset.com/sets/7740-1",4.7,5,"{Not specified}","{Not specified}",NA,"https://images.brickset.com/sets/small/7740-1.jpg","https://images.brickset.com/sets/images/7740-1.jpg"
4004,"Steam Engine with Tender",1980,"Trains","Modern day","4.5/12V","Normal",TRUE,263,2,"https://brickset.com/sets/7750-1",0,3,"{Not specified}","{Not specified}",NA,"https://images.brickset.com/sets/small/7750-1.jpg","https://images.brickset.com/sets/images/7750-1.jpg"
4006,"Diesel Shunter Locomotive",1980,"Trains","Modern day","4.5/12V","Normal",TRUE,150,2,"https://brickset.com/sets/7760-1",4.5,4,"{Not specified}","{Not specified}",NA,"https://images.brickset.com/sets/small/7760-1.jpg","https://images.brickset.com/sets/images/7760-1.jpg"
4008,"Push-Along Steam Engine",1980,"Trains","Modern day","4.5/12V","Normal",TRUE,97,1,"https://brickset.com/sets/7810-1",0,1,"{Not specified}","{Not specified}",NA,"https://images.brickset.com/sets/small/7810-1.jpg","https://images.brickset.com/sets/images/7810-1.jpg"
4010,"Crane Wagon",1980,"Trains","Modern day","4.5/12V","Normal",TRUE,113,2,"https://brickset.com/sets/7814-1",0,1,"{Not specified}","{Not specified}",NA,"https://images.brickset.com/sets/small/7814-1.jpg","https://images.brickset.com/sets/images/7814-1.jpg"
4012,"Shell Tanker Wagon",1980,"Trains","Modern day","4.5/12V","Normal",TRUE,120,1,"https://brickset.com/sets/7816-1",0,2,"{Not specified}","{Not specified}",NA,"https://images.brickset.com/sets/small/7816-1.jpg","https://images.brickset.com/sets/images/7816-1.jpg"
4014,"Passenger Coach",1980,"Trains","Modern day","4.5/12V","Normal",TRUE,114,2,"https://brickset.com/sets/7818-1",0,3,"{Not specified}","{Not specified}",NA,"https://images.brickset.com/sets/small/7818-1.jpg","https://images.brickset.com/sets/images/7818-1.jpg"
4016,"Mail Van",1980,"Trains","Modern day","4.5/12V","Normal",TRUE,212,2,"https://brickset.com/sets/7820-1",4.4,3,"{Not specified}","{Not specified}",NA,"https://images.brickset.com/sets/small/7820-1.jpg","https://images.brickset.com/sets/images/7820-1.jpg"
4018,"Railway Station",1980,"Trains","Modern day","4.5/12V","Normal",TRUE,384,3,"https://brickset.com/sets/7822-1",4.1,2,"{Not specified}","{Not specified}",NA,"https://images.brickset.com/sets/small/7822-1.jpg","https://images.brickset.com/sets/images/7822-1.jpg"
4025,"Level Crossing",1980,"Trains","Modern day","4.5/12V","Normal",TRUE,91,1,"https://brickset.com/sets/7834-1",3.9,2,"{Not specified}","{Not specified}",NA,"https://images.brickset.com/sets/small/7834-1.jpg","https://images.brickset.com/sets/images/7834-1.jpg"
4031,"8 Straight Rails Grey 4.5V",1980,"Trains","Modern day","4.5/12V","Normal",TRUE,32,NA,"https://brickset.com/sets/7850-1",3.9,0,"{Not specified}","{Not specified}",NA,"https://images.brickset.com/sets/small/7850-1.jpg","https://images.brickset.com/sets/images/7850-1.jpg"
4032,"8 Curved Rails Grey 4.5V",1980,"Trains","Modern day","4.5/12V","Normal",TRUE,32,NA,"https://brickset.com/sets/7851-1",0,1,"{Not specified}","{Not specified}",NA,"https://images.brickset.com/sets/small/7851-1.jpg","https://images.brickset.com/sets/images/7851-1.jpg"
4033,"Left and Right Points Manual Grey 4.5V",1980,"Trains","Modern day","4.5/12V","Normal",TRUE,14,NA,"https://brickset.com/sets/7852-1",0,1,"{Not specified}","{Not specified}",NA,"https://images.brickset.com/sets/small/7852-1.jpg","https://images.brickset.com/sets/images/7852-1.jpg"
4034,"Crossing, Grey 4.5V",1980,"Trains","Modern day","4.5/12V","Normal",TRUE,5,NA,"https://brickset.com/sets/7853-1",0,0,"{Not specified}","{Not specified}",NA,"https://images.brickset.com/sets/small/7853-1.jpg","https://images.brickset.com/sets/images/7853-1.jpg"
4035,"8 Straight Electric Rails Grey 12V",1980,"Trains","Modern day","4.5/12V","Normal",TRUE,8,NA,"https://brickset.com/sets/7854-1",0,1,"{Not specified}","{Not specified}",NA,"https://images.brickset.com/sets/small/7854-1.jpg","https://images.brickset.com/sets/images/7854-1.jpg"
4036,"8 Curved Electric Rails Grey 12V",1980,"Trains","Modern day","4.5/12V","Normal",TRUE,8,NA,"https://brickset.com/sets/7855-1",0,0,"{Not specified}","{Not specified}",NA,"https://images.brickset.com/sets/small/7855-1.jpg","https://images.brickset.com/sets/images/7855-1.jpg"
4037,"Left and Right Manual Points with Electric Rails Grey 12V",1980,"Trains","Modern day","4.5/12V","Normal",TRUE,16,NA,"https://brickset.com/sets/7856-1",0,0,"{Not specified}","{Not specified}",NA,"https://images.brickset.com/sets/small/7856-1.jpg","https://images.brickset.com/sets/images/7856-1.jpg"
4038,"Crossing, Electric Rails Grey 12V",1980,"Trains","Modern day","4.5/12V","Normal",TRUE,5,NA,"https://brickset.com/sets/7857-1",0,0,"{Not specified}","{Not specified}",NA,"https://images.brickset.com/sets/small/7857-1.jpg","https://images.brickset.com/sets/images/7857-1.jpg"
4039,"Remote Controlled Points Right 12V",1980,"Trains","Modern day","4.5/12V","Normal",TRUE,12,NA,"https://brickset.com/sets/7858-1",0,0,"Box","Retail",NA,"https://images.brickset.com/sets/small/7858-1.jpg","https://images.brickset.com/sets/images/7858-1.jpg"
4040,"Remote Controlled Points Left 12V",1980,"Trains","Modern day","4.5/12V","Normal",TRUE,12,NA,"https://brickset.com/sets/7859-1",0,0,"{Not specified}","{Not specified}",NA,"https://images.brickset.com/sets/small/7859-1.jpg","https://images.brickset.com/sets/images/7859-1.jpg"
4042,"Remote Controlled Signal 12V",1980,"Trains","Modern day","4.5/12V","Normal",TRUE,24,NA,"https://brickset.com/sets/7860-1",4.5,2,"{Not specified}","{Not specified}",NA,"https://images.brickset.com/sets/small/7860-1.jpg","https://images.brickset.com/sets/images/7860-1.jpg"
4043,"Lighting Set Electric 12V",1980,"Trains","Modern day","4.5/12V","Normal",TRUE,24,NA,"https://brickset.com/sets/7861-1",0,1,"{Not specified}","{Not specified}",NA,"https://images.brickset.com/sets/small/7861-1.jpg","https://images.brickset.com/sets/images/7861-1.jpg"
4045,"Remote Controlled Point Motor 12V",1980,"Trains","Modern day","4.5/12V","Normal",TRUE,7,NA,"https://brickset.com/sets/7863-1",0,1,"{Not specified}","{Not specified}",NA,"https://images.brickset.com/sets/small/7863-1.jpg","https://images.brickset.com/sets/images/7863-1.jpg"
4046,"Transformer / Speed Controller 12V",1980,"Trains","Modern day","4.5/12V","Normal",TRUE,33,NA,"https://brickset.com/sets/7864-1",4.1,3,"{Not specified}","{Not specified}",NA,"https://images.brickset.com/sets/small/7864-1.jpg","https://images.brickset.com/sets/images/7864-1.jpg"
4047,"Motor Replacement Unit for Battery or Motor-Less Trains 12V",1980,"Trains","Modern day","4.5/12V","Normal",TRUE,19,NA,"https://brickset.com/sets/7865-1",0,1,"{Not specified}","{Not specified}",NA,"https://images.brickset.com/sets/small/7865-1.jpg","https://images.brickset.com/sets/images/7865-1.jpg"
4500,"Motorcycles",1980,"Technic","Technical",NA,"Normal",TRUE,377,NA,"https://brickset.com/sets/8857-2",0,0,"Box","Retail",NA,"https://images.brickset.com/sets/small/8857-2.jpg","https://images.brickset.com/sets/images/8857-2.jpg"
4502,"Auto Engines",1980,"Technic","Technical",NA,"Normal",TRUE,242,NA,"https://brickset.com/sets/8858-2",0,2,"Box","Retail",NA,"https://images.brickset.com/sets/small/8858-2.jpg","https://images.brickset.com/sets/images/8858-2.jpg"
4506,"Car Chassis",1980,"Technic","Technical",NA,"Normal",TRUE,668,NA,"https://brickset.com/sets/8860-1",4.4,20,"Box","Retail",NA,"https://images.brickset.com/sets/small/8860-1.jpg","https://images.brickset.com/sets/images/8860-1.jpg"
4512,"Ideas Book",1980,"Books","Miscellaneous","LEGO","Book",TRUE,NA,NA,"https://brickset.com/sets/8888-1",4.3,1,"{Not specified}","{Not specified}",NA,"https://images.brickset.com/sets/small/8888-1.jpg","https://images.brickset.com/sets/images/8888-1.jpg"
9437,"WWF Female Minifigure Key Chain",1980,"Gear","Miscellaneous","Key Chains/Promotional","Gear",TRUE,NA,NA,"https://brickset.com/sets/KCP03-1",0,0,"Tag","Promotional",NA,NA,NA
